,Claro! Aqui estão 500 frases em português:,Portuguese
0,"Olá, como vai?",Portuguese
1,"Estou bem, obrigado. E você?",Portuguese
2,"Estou ótimo, obrigado por perguntar.",Portuguese
3,Qual é o seu nome?,Portuguese
4,Meu nome é Pedro.,Portuguese
5,"Prazer em conhecê-lo, Pedro.",Portuguese
6,"Igualmente, é um prazer conhecê-lo.",Portuguese
7,De onde você é?,Portuguese
8,Sou do Brasil.,Portuguese
9,Que legal! Eu também sou do Brasil.,Portuguese
10,Você gosta de música?,Portuguese
11,"Sim, eu amo música. E você?",Portuguese
12,Eu também gosto muito de música.,Portuguese
13,Qual é o seu estilo de música favorito?,Portuguese
14,"Eu gosto de todos os estilos, mas prefiro rock.",Portuguese
15,"Eu também gosto de rock, é um estilo incrível.",Portuguese
16,O que você costuma fazer nos fins de semana?,Portuguese
17,"Geralmente, saio com amigos ou assisto filmes em casa.",Portuguese
18,Isso parece divertido. Eu gosto de praticar esportes nos fins de semana.,Portuguese
19,Praticar esportes é uma ótima maneira de se manter saudável.,Portuguese
20,Você tem algum animal de estimação?,Portuguese
21,"Sim, tenho um cachorro chamado Max.",Portuguese
22,Cachorros são tão fofos! Eu tenho um gato chamado Luna.,Portuguese
23,"Gatos também são adoráveis, adoro a personalidade deles.",Portuguese
24,Você já viajou para fora do país?,Portuguese
25,"Sim, já visitei alguns países da Europa.",Portuguese
26,Que legal! Eu gostaria de viajar mais no futuro.,Portuguese
27,"Viajar é uma experiência incrível, você deveria fazer isso sempre que puder.",Portuguese
28,O que você mais gosta de fazer nas suas viagens?,Portuguese
29,Gosto de explorar novas culturas e experimentar comidas diferentes.,Portuguese
30,Comidas diferentes são sempre interessantes de experimentar.,Portuguese
31,Você fala outras línguas além do português?,Portuguese
32,"Sim, falo inglês e um pouco de espanhol.",Portuguese
33,"Eu também falo inglês, mas gostaria de aprender mais idiomas.",Portuguese
34,Aprender novos idiomas é uma habilidade muito útil nos dias de hoje.,Portuguese
35,Você tem algum hobby?,Portuguese
36,"Sim, gosto de pintar e desenhar nas horas vagas.",Portuguese
37,Que talentoso! Eu gostaria de ser bom em pintura também.,Portuguese
38,Qual é o seu filme favorito?,Portuguese
39,"Meu filme favorito é ""O Senhor dos Anéis"".",Portuguese
40,"É um clássico! Eu gosto muito de ""O Poderoso Chefão"".",Portuguese
41,O Poderoso Chefão também é um filme incrível.,Portuguese
42,O que você costuma fazer para se divertir?,Portuguese
43,"Gosto de sair com amigos, ir ao cinema ou fazer caminhadas.",Portuguese
44,Caminhar é uma ótima maneira de relaxar e aproveitar a natureza.,Portuguese
45,Você tem algum plano para as férias?,Portuguese
46,"Ainda não decidi, mas estou pensando em fazer uma viagem para a praia.",Portuguese
47,Uma viagem para a praia seria maravilhosa!,Portuguese
48,"Sim, estou animado para relaxar e aproveitar o sol.",Portuguese
49,Você gosta de ler?,Portuguese
50,"Sim, adoro ler. Você tem algum livro favorito?",Portuguese
51,"Meu livro favorito é ""Cem Anos de Solidão"", de Gabriel García Márquez.",Portuguese
52,"É um livro incrível! Eu gosto de ""Orgulho e Preconceito"", de Jane Austen.",Portuguese
53,Orgulho e Preconceito é um clássico da literatura.,Portuguese
54,Você pratica algum esporte?,Portuguese
55,"Sim, eu jogo futebol duas vezes por semana.",Portuguese
56,Futebol é o esporte mais popular no Brasil.,Portuguese
57,"Sim, é um esporte que une as pessoas e é muito divertido de jogar.",Portuguese
58,Qual é o seu prato favorito?,Portuguese
59,"Meu prato favorito é feijoada, um prato típico brasileiro.",Portuguese
60,"Feijoada é deliciosa! Eu gosto de paella, é um prato espanhol.",Portuguese
61,Paella é incrível! Eu adoro frutos do mar.,Portuguese
62,Você assistiu a algum bom filme recentemente?,Portuguese
63,"Sim, assisti a ""Parasita"". É um filme surpreendente.",Portuguese
64,Parasita é um filme muito elogiado pela crítica.,Portuguese
65,"Sim, mereceu todos os prêmios que recebeu.",Portuguese
66,Você tem algum plano para hoje à noite?,Portuguese
67,Estou pensando em sair para jantar com alguns amigos.,Portuguese
68,Jantar com amigos é sempre uma ótima maneira de passar a noite.,Portuguese
69,Você já visitou o Cristo Redentor?,Portuguese
70,"Sim, já visitei o Cristo Redentor. É um lugar incrível.",Portuguese
71,Eu adoraria visitar o Cristo Redentor um dia.,Portuguese
72,Você já participou de algum festival?,Portuguese
73,"Sim, já participei do Carnaval do Rio de Janeiro.",Portuguese
74,O Carnaval do Rio de Janeiro é um dos maiores festivais do mundo.,Portuguese
75,"Sim, é uma experiência única e muito divertida.",Portuguese
76,Qual é a sua estação do ano favorita?,Portuguese
77,Minha estação do ano favorita é o verão.,Portuguese
78,O verão é ótimo para aproveitar a praia e o sol.,Portuguese
79,"Sim, é uma estação muito animada e cheia de atividades.",Portuguese
80,Você gosta de fazer compras?,Portuguese
81,"Sim, eu gosto de fazer compras de vez em quando.",Portuguese
82,"Compras podem ser divertidas, mas às vezes também podem ser cansativas.",Portuguese
83,"Sim, é verdade. Mas é bom encontrar coisas novas e interessantes.",Portuguese
84,Você já visitou o Cristo Redentor à noite?,Portuguese
85,"Não, ainda não tive a oportunidade. Deve ser uma vista incrível.",Portuguese
86,"Sim, é uma vista deslumbrante, especialmente com as luzes da cidade ao fundo.",Portuguese
87,Eu definitivamente vou tentar visitar o Cristo Redentor à noite.,Portuguese
88,Você já visitou o Pão de Açúcar?,Portuguese
89,"Sim, já visitei o Pão de Açúcar. A vista lá de cima é incrível.",Portuguese
90,Eu adoraria visitar o Pão de Açúcar um dia.,Portuguese
91,O que você acha de música ao vivo?,Portuguese
92,Eu adoro música ao vivo. É uma experiência única.,Portuguese
93,"Sim, é ótimo ver os artistas tocando e sentir a energia da música ao vivo.",Portuguese
94,Você já participou de um festival de música?,Portuguese
95,"Sim, já participei de alguns festivais de música. São sempre muito divertidos.",Portuguese
96,Festivais de música são uma ótima maneira de descobrir novas bandas.,Portuguese
97,Você gosta de dançar?,Portuguese
98,"Sim, eu adoro dançar. É uma ótima maneira de se divertir e se exercitar.",Portuguese
99,"Eu também gosto de dançar, é uma forma de expressão muito divertida.",Portuguese
100,Você já foi a um concerto?,Portuguese
101,"Sim, já fui a vários concertos. É sempre uma experiência emocionante.",Portuguese
102,Eu adoraria ir a um concerto um dia.,Portuguese
103,Você prefere música ao vivo ou gravações?,Portuguese
104,"É difícil escolher, mas eu acho que gosto mais de música ao vivo.",Portuguese
105,Música ao vivo tem uma energia única que não pode ser replicada em gravações.,Portuguese
106,Você gosta de teatro?,Portuguese
107,"Sim, eu gosto de teatro. É uma forma de arte muito interessante.",Portuguese
108,Eu também,Portuguese
109,Eu também gosto de teatro. É uma forma de arte muito interessante.,Portuguese
110,Você já assistiu a uma peça de teatro ao vivo?,Portuguese
111,"Sim, já assisti a algumas peças de teatro. É sempre uma experiência única.",Portuguese
112,Eu adoro a emoção de ver os atores se apresentando ao vivo.,Portuguese
113,Você tem algum lugar favorito para visitar nas férias?,Portuguese
114,Gosto de ir à praia ou fazer trilhas na natureza.,Portuguese
115,Passar tempo ao ar livre é uma ótima maneira de relaxar e recarregar as energias.,Portuguese
116,Você já visitou algum país fora da América do Sul?,Portuguese
117,"Sim, já visitei alguns países na Europa e na Ásia.",Portuguese
118,É interessante ver as diferentes culturas e tradições ao redor do mundo.,Portuguese
119,Eu adoraria viajar mais e explorar novos destinos.,Portuguese
120,Você gosta de cozinhar?,Portuguese
121,"Sim, eu gosto de experimentar novas receitas e cozinhar para amigos e familiares.",Portuguese
122,Cozinhar é uma habilidade divertida e gratificante.,Portuguese
123,Eu também gosto de cozinhar. É uma maneira de ser criativo na cozinha.,Portuguese
124,Você tem algum prato especial que sabe cozinhar?,Portuguese
125,Eu gosto de fazer lasanha caseira. É um prato que sempre agrada a todos.,Portuguese
126,Lasanha é deliciosa! Eu gosto de fazer um bom churrasco.,Portuguese
127,Churrasco é um clássico da culinária brasileira. É uma ótima escolha para um encontro com amigos.,Portuguese
128,Você tem algum talento especial?,Portuguese
129,Eu sei tocar violão e gosto de cantar.,Portuguese
130,Música é uma grande paixão minha.,Portuguese
131,Que talento! Eu gostaria de ser bom em tocar algum instrumento.,Portuguese
132,Você já foi a algum show ao vivo?,Portuguese
133,"Sim, já fui a vários shows de bandas e artistas que gosto.",Portuguese
134,É sempre emocionante ver os músicos tocando ao vivo.,Portuguese
135,Você já acampou?,Portuguese
136,"Sim, já acampei algumas vezes. É uma experiência divertida, especialmente em contato com a natureza.",Portuguese
137,Acampar é uma ótima maneira de se desconectar da vida urbana e aproveitar o ar livre.,Portuguese
138,Você gosta de atividades ao ar livre?,Portuguese
139,"Sim, eu adoro atividades como caminhadas, ciclismo e escalada.",Portuguese
140,Estar em contato com a natureza é rejuvenescedor e revigorante.,Portuguese
141,Você já fez alguma viagem de aventura?,Portuguese
142,"Sim, já fiz uma viagem de rafting em um rio. Foi uma experiência emocionante e cheia de adrenalina.",Portuguese
143,Viagens de aventura são uma ótima maneira de desafiar a si mesmo e criar memórias inesquecíveis.,Portuguese
144,Você já fez algum trabalho voluntário?,Portuguese
145,"Sim, já participei de alguns projetos de voluntariado em minha comunidade.",Portuguese
146,É uma maneira gratificante de retribuir à sociedade e fazer a diferença na vida das pessoas.,Portuguese
147,Eu admiro quem faz trabalho voluntário. É uma maneira nobre de ajudar os outros.,Portuguese
148,Você tem algum objetivo para o próximo ano?,Portuguese
149,Eu gostaria de me dedicar mais à minha carreira e alcançar novas metas profissionais.,Portuguese
150,Definir metas é importante para manter o foco e a motivação.,Portuguese
151,Eu também tenho alguns objetivos em mente para o próximo ano.,Portuguese
152,É bom ter planos e aspirações para o futuro.,Portuguese
153,Você gosta de assistir a esportes?,Portuguese
154,"Sim, eu gosto de assistir a jogos de futebol e basquete.",Portuguese
155,É emocionante torcer pelo seu time favorito e acompanhar as competições.,Portuguese
156,"Eu também gosto de assistir a esportes, especialmente os Jogos Olímpicos.",Portuguese
157,Os Jogos Olímpicos são um evento incrível que reúne atletas de todo o mundo.,Portuguese
158,Você pratica algum esporte regularmente?,Portuguese
159,"Sim, eu pratico corrida e natação regularmente para manter a forma.",Portuguese
160,Exercícios físicos são importantes para a saúde e o bem-estar.,Portuguese
161,Eu tento praticar yoga regularmente para relaxar e aliviar o estresse.,Portuguese
162,Yoga é uma ótima maneira de melhorar a flexibilidade e encontrar equilíbrio.,Portuguese
163,Você já experimentou meditação?,Portuguese
164,"Sim, eu pratico meditação para acalmar a mente e encontrar paz interior.",Portuguese
165,Meditação é uma prática poderosa que pode trazer muitos benefícios para a saúde mental e emocional.,Portuguese
166,Eu deveria tentar meditar mais. Parece ser uma ótima maneira de reduzir o estresse.,Portuguese
167,Meditação pode ser útil para encontrar clareza mental e foco.,Portuguese
168,Você tem algum lugar favorito para relaxar?,Portuguese
169,Eu gosto de relaxar na praia ou em um parque tranquilo.,Portuguese
170,Estar perto da água ou da natureza é muito relaxante para mim.,Portuguese
171,"Eu também gosto de relaxar em casa, lendo um livro ou assistindo a um filme.",Portuguese
172,"Às vezes, é bom apenas ficar em casa e descansar.",Portuguese
173,Você tem algum animal de estimação?,Portuguese
174,"Sim, tenho um cachorro chamado Luna. Ela é minha companheira fiel.",Portuguese
175,Cachorros são ótimos companheiros. Eles trazem muita alegria e companheirismo.,Portuguese
176,Eu também tenho um animal de estimação. Eu tenho um gato chamado Simba.,Portuguese
177,Gatos são muito independentes e carinhosos.,Portuguese
178,Você já fez uma viagem de carro?,Portuguese
179,"Sim, já fiz várias viagens de carro. É uma ótima maneira de explorar novos lugares e paisagens.",Portuguese
180,Viagens de carro são uma aventura. Você pode parar em lugares interessantes pelo caminho.,Portuguese
181,Eu adoro fazer viagens de carro. É uma maneira relaxante de viajar e ver o mundo.,Portuguese
182,É bom ter a liberdade de parar onde quiser e explorar novos destinos.,Portuguese
183,Você já fez uma viagem de trem?,Portuguese
184,"Sim, já fiz uma viagem de trem pelo interior do país. Foi uma experiência única.",Portuguese
185,Viagens de trem são uma ótima maneira de viajar e apreciar a paisagem.,Portuguese
186,Eu adoraria fazer uma viagem de trem pela Europa. Parece ser uma experiência incrível.,Portuguese
187,Viagens de trem são uma ótima maneira de explorar o continente e ver diferentes países.,Portuguese
188,Você já fez uma viagem de avião internacional?,Portuguese
189,"Sim, já fiz algumas viagens de avião para outros países. É emocionante viajar para lugares distantes.",Portuguese
190,Viagens internacionais são uma ótima maneira de experimentar novas culturas e tradições.,Portuguese
191,Eu adoraria fazer uma viagem de avião para a Ásia. Há tantos lugares incríveis para visitar lá.,Portuguese
192,Viajar de avião é conveniente e permite explorar destinos longínquos em pouco tempo.,Portuguese
193,Você já fez uma viagem de barco?,Portuguese
194,"Sim, já fiz uma viagem de barco para uma ilha próxima. Foi uma experiência relaxante.",Portuguese
195,Viagens de barco são uma ótima maneira de aproveitar o mar e o sol.,Portuguese
196,Eu adoraria fazer uma viagem de barco pelo Mediterrâneo. Deve ser uma viagem inesquecível.,Portuguese
197,"Viajar de barco pode ser uma aventura emocionante, especialmente se você estiver navegando em águas desconhecidas.",Portuguese
198,Você já fez uma viagem de bicicleta?,Portuguese
199,"Sim, já fiz algumas viagens de bicicleta pela cidade e pelo campo. É uma ótima maneira de se exercitar e explorar.",Portuguese
200,Viagens de bicicleta são uma maneira eco-friendly de viajar e reduzir sua pegada de carbono.,Portuguese
201,Eu adoraria fazer uma viagem de bicicleta pela Europa. Seria uma experiência única.,Portuguese
202,"Viajar de bicicleta permite que você vá a lugares onde os carros não conseguem chegar, proporcionando uma perspectiva única.",Portuguese
203,Você já fez uma viagem de mochilão?,Portuguese
204,"Sim, já fiz uma viagem de mochilão pela América do Sul. Foi uma experiência incrível.",Portuguese
205,Viagens de mochilão são uma maneira emocionante de viajar com um orçamento limitado.,Portuguese
206,Eu adoraria fazer uma viagem de mochilão pela Ásia. Há tantos lugares incríveis para explorar.,Portuguese
207,Viajar de mochilão permite uma maior liberdade e flexibilidade para explorar diferentes destinos.,Portuguese
208,Você já fez uma viagem de ônibus?,Portuguese
209,"Sim, já fiz algumas viagens de ônibus para cidades vizinhas. É uma maneira conveniente de viajar.",Portuguese
210,Viagens de ônibus são uma opção acessível para quem deseja viajar sem gastar muito.,Portuguese
211,Eu adoraria fazer uma viagem de ônibus pela costa. Deve ser uma viagem escênica.,Portuguese
212,"Viajar de ônibus permite que você relaxe e aproveite a viagem, sem se preocupar com o trânsito ou a direção.",Portuguese
213,Você já fez uma viagem de caminhão?,Portuguese
214,"Sim, já fiz uma viagem de caminhão para transportar alguns móveis. Foi uma experiência interessante.",Portuguese
215,Viagens de caminhão são uma maneira eficiente de transportar cargas grandes ou pesadas.,Portuguese
216,Eu admiro os motoristas de caminhão. Eles fazem viagens longas e difíceis para entregar mercadorias em todo o país.,Portuguese
217,"Dirigir um caminhão requer habilidade e concentração, mas também pode ser uma experiência gratificante.",Portuguese
218,Você já fez uma viagem de carro compartilhado?,Portuguese
219,"Sim, já fiz algumas viagens de carro compartilhado para ir ao trabalho ou a eventos sociais.",Portuguese
220,Carona compartilhada é uma maneira conveniente de econom,Portuguese
221,izar dinheiro e reduzir o tráfego nas estradas.,Portuguese
222,Eu adoro o conceito de carona compartilhada. É uma maneira inteligente de utilizar os recursos disponíveis e reduzir o impacto ambiental.,Portuguese
223,"Carona compartilhada é uma alternativa sustentável ao transporte individual, especialmente em áreas urbanas.",Portuguese
224,Você já fez uma viagem de avião particular?,Portuguese
225,"Sim, já fiz uma viagem de avião particular para um evento corporativo. Foi uma experiência luxuosa.",Portuguese
226,"Viagens de avião particular oferecem conforto e conveniência, mas também são caras.",Portuguese
227,Eu adoraria fazer uma viagem de avião particular para um destino exótico. Deve ser uma experiência incrível.,Portuguese
228,Viagens de avião particular são uma opção para quem busca privacidade e exclusividade durante a viagem.,Portuguese
229,Você já fez uma viagem de trem de alta velocidade?,Portuguese
230,"Sim, já fiz uma viagem de trem de alta velocidade em um país europeu. Foi uma experiência emocionante.",Portuguese
231,Trens de alta velocidade são uma maneira rápida e eficiente de viajar entre cidades.,Portuguese
232,Eu adoraria fazer uma viagem de trem de alta velocidade pelo Japão. Eles são conhecidos por sua pontualidade e eficiência.,Portuguese
233,Trens de alta velocidade são uma opção de transporte sustentável e amiga do ambiente.,Portuguese
234,Você já fez uma viagem de cruzeiro?,Portuguese
235,"Sim, já fiz uma viagem de cruzeiro pelo Caribe. Foi uma experiência relaxante e divertida.",Portuguese
236,Cruzeiros são uma maneira luxuosa de viajar e explorar diferentes destinos.,Portuguese
237,Eu adoraria fazer uma viagem de cruzeiro pelo Mediterrâneo. Deve ser uma viagem inesquecível.,Portuguese
238,"Cruzeiros oferecem uma variedade de atividades e entretenimento a bordo, além de excursões em terra.",Portuguese
239,Você já fez uma viagem de helicóptero?,Portuguese
240,"Sim, já fiz uma viagem de helicóptero sobre a cidade. Foi uma experiência emocionante e panorâmica.",Portuguese
241,Viagens de helicóptero oferecem vistas incríveis e uma perspectiva única da paisagem abaixo.,Portuguese
242,Eu adoraria fazer uma viagem de helicóptero sobre as Cataratas do Iguaçu. Deve ser uma visão impressionante.,Portuguese
243,Viagens de helicóptero são uma opção de transporte rápida e conveniente para chegar a lugares de difícil acesso.,Portuguese
244,Você já fez uma viagem de balão de ar quente?,Portuguese
245,"Sim, já fiz uma viagem de balão de ar quente sobre o deserto. Foi uma experiência tranquila e serena.",Portuguese
246,Viagens de balão de ar quente oferecem vistas deslumbrantes e uma sensação de liberdade.,Portuguese
247,Eu adoraria fazer uma viagem de balão de ar quente sobre o Vale do Napa. Deve ser uma experiência única.,Portuguese
248,Viagens de balão de ar quente são uma maneira romântica de celebrar ocasiões especiais.,Portuguese
249,Você já fez uma viagem de submarino?,Portuguese
250,"Não, nunca fiz uma viagem de submarino. Parece ser uma experiência fascinante.",Portuguese
251,Viagens de submarino oferecem a oportunidade de explorar o mundo subaquático e ver a vida marinha de perto.,Portuguese
252,Eu adoraria fazer uma viagem de submarino para ver recifes de coral e naufrágios.,Portuguese
253,Viagens de submarino são uma maneira emocionante de descobrir os segredos do oceano.,Portuguese
254,Você já fez uma viagem de ônibus de turismo?,Portuguese
255,"Sim, já fiz algumas viagens de ônibus de turismo para explorar diferentes cidades e pontos turísticos.",Portuguese
256,Ônibus de turismo são uma maneira conveniente de visitar várias atrações em um curto período de tempo.,Portuguese
257,Eu adoraria fazer uma viagem de ônibus de turismo pela Europa. Deve ser uma maneira fácil de ver muitos países em uma única viagem.,Portuguese
258,Ônibus de turismo oferecem guias especializados e itinerários cuidadosamente planejados para garantir uma experiência memorável.,Portuguese
259,Você já fez uma viagem de riquixá?,Portuguese
260,"Sim, já fiz uma viagem de riquixá em uma cidade asiática. Foi uma maneira divertida de explorar a cidade.",Portuguese
261,Riquixás são uma forma tradicional e pitoresca de transporte em muitas cidades da Ásia.,Portuguese
262,Eu adoraria fazer uma viagem de riquixá pelas ruas estreitas de uma cidade antiga. Deve ser uma viagem encantadora.,Portuguese
263,Riquixás oferecem uma visão única da vida local e da arquitetura da cidade.,Portuguese
264,Você já fez uma viagem de trenó puxado por cães?,Portuguese
265,"Não, nunca fiz uma viagem de trenó puxado por cães. Deve ser uma experiência emocionante.",Portuguese
266,Viagens de trenó puxado por cães são uma maneira única de explorar paisagens geladas e nevadas.,Portuguese
267,Eu adoraria fazer uma viagem de trenó puxado por cães no Ártico. Deve ser uma aventura inesquecível.,Portuguese
268,Viagens de trenó puxado por cães oferecem uma conexão especial com os animais e a natureza.,Portuguese
269,Você já fez uma viagem de camelo?,Portuguese
270,"Sim, já fiz uma viagem de camelo no deserto. Foi uma experiência autêntica e única.",Portuguese
271,Viagens de camelo são uma maneira tradicional de viajar em muitas partes do mundo.,Portuguese
272,Eu adoraria fazer uma viagem de camelo pela Rota da Seda. Deve ser uma jornada épica.,Portuguese
273,Viagens de camelo oferecem uma visão do estilo de vida nômade e da cultura local.,Portuguese
274,Você já fez uma viagem de tuk-tuk?,Portuguese
275,"Sim, já fiz uma viagem de tuk-tuk em uma cidade asiática. Foi uma maneira divertida e rápida de se locomover.",Portuguese
276,Tuk-tuks são uma forma popular de transporte em muitas cidades do sudeste asiático.,Portuguese
277,Eu adoraria fazer uma viagem de tuk-tuk pelas ruas movimentadas de Bangkok. Deve ser uma aventura emocionante.,Portuguese
278,Viagens de tuk-tuk oferecem uma visão autêntica da vida urbana e do caos das ruas.,Portuguese
279,Você já fez uma viagem de gôndola?,Portuguese
280,"Sim, já fiz uma viagem de gôndola em Veneza. Foi uma experiência romântica e memorável.",Portuguese
281,Gôndolas são um símbolo icônico da cidade e uma maneira tradicional de se locomover pelos canais.,Portuguese
282,Eu adoraria fazer uma viagem de gôndola ao pôr do sol. Deve ser uma vista deslumbrante.,Portuguese
283,Viagens de gôndola oferecem uma perspectiva única da arquitetura e da atmosfera de Veneza.,Portuguese
284,Você já fez uma viagem de carruagem?,Portuguese
285,"Sim, já fiz uma viagem de carruagem em uma cidade histórica. Foi uma maneira charmosa de explorar os pontos turísticos.",Portuguese
286,Carruagens são uma forma tradicional de transporte em muitos lugares ao redor do mundo.,Portuguese
287,Eu adoraria fazer uma viagem de carruagem pelas ruas de uma cidade antiga. Deve ser uma experiência encantadora.,Portuguese
288,Viagens de carruagem oferecem uma visão nostálgica do passado e uma conexão com a história da cidade.,Portuguese
289,Você já fez uma viagem de bicicleta aquática?,Portuguese
290,"Não, nunca fiz uma viagem de bicicleta aquática. Parece ser uma atividade divertida e única.",Portuguese
291,"Bicicletas aquáticas são uma maneira divertida de explorar rios, lagos e mares.",Portuguese
292,Eu adoraria fazer uma viagem de bicicleta aquática em um lago tranquilo. Deve ser uma experiência relaxante.,Portuguese
293,Bicicletas aquáticas oferecem uma maneira divertida de se exercitar e aproveitar a água.,Portuguese
294,Você já fez uma viagem de caiaque?,Portuguese
295,"Sim, já fiz algumas viagens de caiaque em rios e lagos. É uma ótima maneira de explorar a natureza.",Portuguese
296,Caiaque é uma atividade emocionante e uma maneira de se conectar com o meio ambiente.,Portuguese
297,Eu adoraria fazer uma viagem de caiaque em um rio com corredeiras. Deve ser uma aventura emocionante.,Portuguese
298,Caiaque oferece uma perspectiva única da paisagem e da vida selvagem ao redor.,Portuguese
299,Você já fez uma viagem de canoa?,Portuguese
300,"Sim, já fiz algumas viagens de canoa em rios e lagos. É uma maneira relaxante de explorar a água.",Portuguese
301,Canoagem é uma atividade divertida e uma maneira de se exercitar ao ar livre.,Portuguese
302,Eu adoraria fazer uma viagem de canoa em um lago calmo. Deve ser uma experiência serena.,Portuguese
303,Canoagem oferece uma maneira tranquila de apreciar a natureza e a vida selvagem.,Portuguese
304,Você já fez uma viagem de paddleboard?,Portuguese
305,"Não, nunca fiz uma viagem de paddleboard. Parece ser uma atividade desafiadora e divertida.",Portuguese
306,Paddleboarding é uma ótima maneira de se exercitar e desfrutar da água.,Portuguese
307,Eu adoraria fazer uma viagem de paddleboard em um dia ensolarado. Deve ser uma experiência refrescante.,Portuguese
308,Paddleboarding oferece uma perspectiva única da água e uma sensação de liberdade.,Portuguese
309,Você já fez uma viagem de jet ski?,Portuguese
310,"Sim, já fiz algumas viagens de jet ski em lagos e no mar. É uma maneira emocionante de se locomover na água.",Portuguese
311,Jet ski é uma atividade divertida e uma maneira de sentir a adrenalina.,Portuguese
312,Eu adoraria fazer uma viagem de jet ski em águas cristalinas. Deve ser uma experiência emocionante.,Portuguese
313,Jet ski oferece uma maneira rápida e emocionante de explorar a água e se refrescar no verão.,Portuguese
314,Você já fez uma viagem de esqui aquático?,Portuguese
315,"Não, nunca fiz uma viagem de esqui aquático. Parece ser uma atividade emocionante e desafiadora.",Portuguese
316,Esqui aquático é uma maneira divertida de se exercitar e se refrescar na água.,Portuguese
317,Eu adoraria fazer uma viagem de esqui aquático em um lago calmo. Deve ser uma experiência emocionante.,Portuguese
318,Esqui aquático oferece uma sensação de liberdade e adrenalina na água.,Portuguese
319,Você já fez uma viagem de wakeboard?,Portuguese
320,"Sim, já fiz algumas viagens de wakeboard em lagos e rios. É uma atividade emocionante e desafiadora.",Portuguese
321,Wakeboard é uma maneira divertida de praticar esportes aquáticos e se divertir na água.,Portuguese
322,Eu adoraria fazer uma viagem de wakeboard em um dia ensolarado. Deve ser uma experiência emocionante.,Portuguese
323,Wakeboard oferece uma combinação de habilidade e adrenalina na água.,Portuguese
324,Você já fez uma viagem de kitesurf?,Portuguese
325,"Não, nunca fiz uma viagem de kitesurf. Parece ser uma atividade emocionante e cheia de adrenalina.",Portuguese
326,Kitesurf é uma maneira emocionante de praticar esportes aquáticos e aproveitar o vento.,Portuguese
327,Eu adoraria fazer uma viagem de kitesurf em uma praia ventosa. Deve ser uma experiência emocionante.,Portuguese
328,Kitesurf oferece uma sensação de liberdade e aventura na água.,Portuguese
329,Você já fez uma viagem de parasail?,Portuguese
330,"Sim, já fiz algumas viagens de parasail em praias tropicais. É uma atividade emocionante e panorâmica.",Portuguese
331,Parasail é uma maneira única de ver a paisagem de cima e sentir a brisa do mar.,Portuguese
332,Eu adoraria fazer uma viagem de parasail em um destino exótico. Deve ser uma experiência inesquecível.,Portuguese
333,Parasail oferece uma vista deslumbrante e uma sensação de leveza no ar.,Portuguese
334,Você já fez uma viagem de mergulho?,Portuguese
335,"Sim, já fiz algumas viagens de mergulho em recifes de coral e naufrágios. É uma maneira incrível de explorar o mundo subaquático.",Portuguese
336,Mergulho é uma atividade emocionante e uma maneira de ver a vida marinha de perto.,Portuguese
337,Eu adoraria fazer uma viagem de mergulho em um destino famoso por sua vida marinha. Deve ser uma experiência inesquecível.,Portuguese
338,Mergulho oferece uma visão fascinante do mundo subaquático e uma conexão com a natureza.,Portuguese
339,Você já fez uma viagem de snorkel?,Portuguese
340,"Sim, já fiz algumas viagens de snorkel em águas cristalinas. É uma maneira fácil e divertida de ver a vida marinha.",Portuguese
341,Snorkel é uma atividade relaxante e uma maneira de explorar os recifes de coral e os cardumes de peixes.,Portuguese
342,Eu adoraria fazer uma viagem de snorkel em um destino tropical. Deve ser uma experiência memorável.,Portuguese
343,Snorkel oferece uma visão colorida do mundo subaquático e uma sensação de tranquilidade na água.,Portuguese
344,Você já fez uma viagem de paddleboarding?,Portuguese
345,"Não, nunca fiz uma viagem de paddleboarding. Parece ser uma atividade divertida e relaxante.",Portuguese
346,Paddleboarding é uma maneira fácil de se exercitar e aproveitar a água.,Portuguese
347,Eu adoraria fazer uma viagem de paddleboarding em um lago calmo. Deve ser uma experiência serena.,Portuguese
348,Paddleboarding oferece uma perspectiva única da água e uma sensação de equilíbrio e paz.,Portuguese
349,Você já fez uma viagem de canoagem?,Portuguese
350,"Sim, já fiz algumas viagens de canoagem em rios e lagos. É uma maneira tranquila e relaxante de explorar a água.",Portuguese
351,Canoagem é uma atividade divertida e uma maneira de se conectar com a natureza.,Portuguese
352,Eu adoraria fazer uma viagem de canoagem em um rio sinuoso. Deve ser uma experiência serena.,Portuguese
353,Canoagem oferece uma maneira tranquila de apreciar a paisagem e a vida selvagem ao redor.,Portuguese
354,Você já fez uma viagem de caiaque?,Portuguese
355,"Não, nunca fiz uma viagem de caiaque. Parece ser uma atividade emocionante e uma ótima maneira de se exercitar.",Portuguese
356,"Caiaque é uma maneira divertida de explorar rios, lagos e mares.",Portuguese
357,Eu adoraria fazer uma viagem de caiaque em um rio com corredeiras. Deve ser uma aventura emocionante.,Portuguese
358,Caiaque oferece uma conexão íntima com a água e uma sensação de liberdade e aventura.,Portuguese
359,Você já fez uma viagem de surf?,Portuguese
360,"Sim, já fiz algumas viagens de surf em praias famosas. É uma atividade emocionante e desafiadora.",Portuguese
361,Surf é uma maneira divertida de se exercitar e aproveitar as ondas.,Portuguese
362,Eu adoraria fazer uma viagem de surf em uma praia com ondas perfeitas. Deve ser uma experiência incrível.,Portuguese
363,"Surf oferece uma combinação de habilidade, equilíbrio e adrenalina na água.",Portuguese
364,Você já fez uma viagem de bodyboard?,Portuguese
365,"Não, nunca fiz uma viagem de bodyboard. Parece ser uma atividade emocionante e uma ótima maneira de aproveitar o mar.",Portuguese
366,Bodyboard é uma maneira divertida de surfar e se divertir nas ondas.,Portuguese
367,Eu adoraria fazer uma viagem de bodyboard em uma praia com ondas grandes. Deve ser uma experiência emocionante.,Portuguese
368,Bodyboard oferece uma maneira fácil e acessível de aproveitar as ondas e se refrescar no verão.,Portuguese
369,Você já fez uma viagem de windsurf?,Portuguese
370,"Sim, já fiz algumas viagens de windsurf em praias ventosas. É uma atividade desafiadora e cheia de adrenalina.",Portuguese
371,Windsurf é uma maneira emocionante de surfar e aproveitar o vento.,Portuguese
372,Eu adoraria fazer uma viagem de windsurf em uma ilha paradisíaca. Deve ser uma experiência inesquecível.,Portuguese
373,Windsurf oferece uma sensação de liberdade e aventura na água.,Portuguese
374,Você já fez uma viagem de esqui?,Portuguese
375,"Sim, já fiz algumas viagens de esqui em montanhas nevadas. É uma atividade emocionante e uma ótima maneira de aproveitar o inverno.",Portuguese
376,Esqui é uma maneira divertida de se exercitar e deslizar pela neve.,Portuguese
377,Eu adoraria fazer uma viagem de esqui em uma estação de esqui famosa. Deve ser uma experiência incrível.,Portuguese
378,"Esqui oferece uma combinação de habilidade, velocidade e diversão na neve.",Portuguese
379,Você já fez uma viagem de snowboard?,Portuguese
380,"Sim, já fiz algumas viagens de snowboard em montanhas cobertas de neve. É uma atividade emocionante e desafiadora.",Portuguese
381,Snowboard é uma maneira divertida de deslizar pela neve e praticar esportes radicais.,Portuguese
382,Eu adoraria fazer uma viagem de snowboard em uma montanha com pistas desafiadoras. Deve ser uma experiência emocionante.,Portuguese
383,Snowboard oferece uma sensação de liberdade e aventura na neve.,Portuguese
384,Você já fez uma viagem de trenó?,Portuguese
385,"Sim, já fiz algumas viagens de trenó em pistas de neve. É uma atividade divertida e uma maneira de aproveitar o inverno.",Portuguese
386,Trenó é uma maneira emocionante de deslizar pela neve e se divertir com amigos e familiares.,Portuguese
387,Eu adoraria fazer uma viagem de trenó em uma montanha com paisagens deslumbrantes. Deve ser uma experiência incrível.,Portuguese
388,"Trenó oferece uma combinação de velocidade, emoção e diversão na neve.",Portuguese
389,Você já fez uma viagem de patinação no gelo?,Portuguese
390,"Sim, já fiz algumas viagens de patinação no gelo em pistas ao ar livre. É uma atividade divertida e uma maneira de aproveitar o inverno.",Portuguese
391,Patinação no gelo é uma maneira elegante de se exercitar e deslizar pela pista.,Portuguese
392,Eu adoraria fazer uma viagem de patinação no gelo em uma pista com luzes coloridas. Deve ser uma experiência mágica.,Portuguese
393,Patinação no gelo oferece uma sensação de leveza e graça na pista.,Portuguese
394,Você já fez uma viagem de trenó puxado por renas?,Portuguese
395,"Não, nunca fiz uma viagem de trenó puxado por renas. Parece ser uma atividade única e uma maneira de aproveitar o espírito natalino.",Portuguese
396,Trenós puxados por renas são uma tradição de inverno em muitas partes do mundo.,Portuguese
397,Eu adoraria fazer uma viagem de trenó puxado por renas em uma floresta coberta de neve. Deve ser uma experiência encantadora.,Portuguese
398,Trenós puxados por renas oferecem uma conexão com a natureza e uma sensação de magia durante as festas de fim de ano.,Portuguese
399,Você já fez uma viagem de esqui cross-country?,Portuguese
400,"Sim, já fiz algumas viagens de esqui cross-country em trilhas na floresta. É uma atividade desafiadora e uma maneira de explorar a natureza no inverno.",Portuguese
401,Esqui cross-country é uma maneira tranquila e pacífica de se exercitar e apreciar a paisagem.,Portuguese
402,Eu adoraria fazer uma viagem de esqui cross-country em uma trilha com vistas panorâmicas. Deve ser uma experiência incrível.,Portuguese
403,Esqui cross-country oferece uma sensação de serenidade e aventura na neve.,Portuguese
404,Você já fez uma viagem de snowmobile?,Portuguese
405,"Não, nunca fiz uma viagem de snowmobile. Parece ser uma atividade emocionante e uma ótima maneira de explorar a paisagem coberta de neve.",Portuguese
406,Snowmobile é uma maneira rápida e emocionante de se locomover na neve e no gelo.,Portuguese
407,Eu adoraria fazer uma viagem de snowmobile em uma floresta coberta de neve. Deve ser uma aventura emocionante.,Portuguese
408,Snowmobile oferece uma sensação de velocidade e liberdade na neve.,Portuguese
409,Você já fez uma viagem de patinação no gelo ao ar livre?,Portuguese
410,"Sim, já fiz algumas viagens de patinação no gelo ao ar livre em lagos congelados. É uma atividade divertida e uma maneira de aproveitar o inverno.",Portuguese
411,Patinação no gelo ao ar livre é uma maneira refrescante de se exercitar e deslizar pela pista.,Portuguese
412,Eu adoraria fazer uma viagem de patinação no gelo ao ar livre em uma tarde ensolarada. Deve ser uma experiência mágica.,Portuguese
413,Patinação no gelo ao ar livre oferece uma sensação de liberdade e conexão com a natureza.,Portuguese
414,Você já fez uma viagem de patinação no gelo em uma pista coberta?,Portuguese
415,"Sim, já fiz algumas viagens de patinação no gelo em pistas cobertas. É uma atividade divertida e uma maneira de aproveitar o inverno.",Portuguese
416,Patinação no gelo em uma pista coberta é uma maneira elegante de se exercitar e deslizar pela pista.,Portuguese
417,Eu adoraria fazer uma viagem de patinação no gelo em uma pista coberta com música e luzes coloridas. Deve ser uma experiência mágica.,Portuguese
418,Patinação no gelo em uma pista coberta oferece uma atmosfera animada e uma sensação de leveza na pista.,Portuguese
419,Você já fez uma viagem de trenó puxado por cavalos?,Portuguese
420,"Sim, já fiz algumas viagens de trenó puxado por cavalos em fazendas e parques. É uma atividade tradicional e uma maneira de aproveitar o inverno.",Portuguese
421,Trenós puxados por cavalos são uma tradição de inverno em muitas partes do mundo.,Portuguese
422,Eu adoraria fazer uma viagem de trenó puxado por cavalos em uma floresta coberta de neve. Deve ser uma experiência encantadora.,Portuguese
423,Trenós puxados por cavalos oferecem uma conexão com a natureza e uma sensação de nostalgia durante as festas de fim de ano.,Portuguese
424,Você já fez uma viagem de esqui alpino?,Portuguese
425,"Sim, já fiz algumas viagens de esqui alpino em montanhas cobertas de neve. É uma atividade emocionante e uma ótima maneira de aproveitar o inverno.",Portuguese
426,Esqui alpino é uma maneira divertida de deslizar pela neve e praticar esportes radicais.,Portuguese
427,Eu adoraria fazer uma viagem de esqui alpino em uma montanha com pistas desafiadoras. Deve ser uma experiência incrível.,Portuguese
428,"Esqui alpino oferece uma combinação de velocidade, habilidade e diversão na neve.",Portuguese
429,Você já fez uma viagem de snowshoeing?,Portuguese
430,"Não, nunca fiz uma viagem de snowshoeing. Parece ser uma atividade tranquila e uma maneira de explorar a paisagem coberta de neve.",Portuguese
431,Snowshoeing é uma maneira fácil e acessível de caminhar na neve e se exercitar.,Portuguese
432,Eu adoraria fazer uma viagem de snowshoeing em uma trilha na floresta. Deve ser uma experiência serena.,Portuguese
433,Snowshoeing oferece uma conexão íntima com a natureza e uma sensação de paz e tranquilidade na neve.,Portuguese
434,Você já fez uma viagem de trenó puxado por cães?,Portuguese
435,"Sim, já fiz algumas viagens de trenó puxado por cães em regiões árticas. Foi uma experiência emocionante e uma maneira de explorar paisagens geladas.",Portuguese
436,Trenós puxados por cães são uma tradição de inverno em muitas partes do mundo.,Portuguese
437,Eu adoraria fazer uma viagem de trenó puxado por cães em uma expedição pelo Ártico. Deve ser uma aventura inesquecível.,Portuguese
438,Trenós puxados por cães oferecem uma conexão especial com os animais e uma sensação de aventura na neve.,Portuguese
439,Você já fez uma viagem de patinação no gelo em uma pista ao ar livre?,Portuguese
440,"Sim, já fiz algumas viagens de patinação no gelo em pistas ao ar livre. É uma atividade divertida e uma maneira de aproveitar o inverno.",Portuguese
